fecha,tipo,emisora,titulos,precio,comision
2024-02-05,compra,WALMEX*,50,58.40,14.60
2024-03-12,compra,FEMSAUBD,20,160.25,16.03
2024-05-20,compra,GFNORTEO,30,165.80,24.87
2024-08-14,dividendo,WALMEX*,50,0.55,0.00
2024-11-04,compra,WALMEX*,30,62.10,9.32
2025-01-22,venta,FEMSAUBD,10,175.00,8.75
2025-04-09,compra,GFNORTEO,15,158.30,11.87
2025-07-30,dividendo,GFNORTEO,45,1.20,0.00
2025-10-15,venta,WALMEX*,20,64.90,6.49
2026-02-18,compra,FEMSAUBD,15,171.40,12.86
2026-06-03,venta,GFNORTEO,10,181.20,9.06
